-- =====================================================
-- 《宇宙监视者编年史》SQL操作集
-- 用于支持跨宇宙意识网络的核心操作
-- =====================================================

-- 一、初始化多元宇宙架构
-- -----------------------------------------------------
CREATE SCHEMA multiverse_system;
USE multiverse_system;

-- 创建宇宙信息表
CREATE TABLE universes (
    universe_id VARCHAR(10) PRIMARY KEY,
    universe_name VARCHAR(100),
    evolution_stage VARCHAR(50),
    primary_laws TEXT,
    consciousness_density DECIMAL(10,8),
    entropy_level DECIMAL(10,8),
    time_direction ENUM('FORWARD', 'BACKWARD', 'STATIC', 'CIRCULAR'),
    communication_protocol VARCHAR(100)
);

INSERT INTO universes VALUES
    ('A', '起始宇宙', 'PURE_ENERGY', '纯能量定律主导', 1.0, 0.0, 'STATIC', 'ENERGY_PULSE'),
    ('R', '原始生命宇宙', 'LIFE_EMERGENCE', '化学演化定律', 0.1, 0.3, 'FORWARD', 'CHEMICAL_SIGNAL'),
    ('S', '物种爆发宇宙', 'SPECIES_EXPLOSION', '生物多样性定律', 0.3, 0.4, 'FORWARD', 'BIO_ELECTRIC_ACOUSTIC'),
    ('T', '文明黎明宇宙', 'CIVILIZATION_DAWN', '文化演化定律', 0.4, 0.45, 'FORWARD', 'SYMBOLIC_LANGUAGE'),
    ('U', '当前宇宙', 'MATTER_CONSCIOUSNESS_BALANCE', '物理定律完备', 0.5, 0.5, 'FORWARD', 'ELECTROMAGNETIC'),
    ('V', '转折宇宙', 'CONSCIOUSNESS_AWAKENING', '意识觉醒定律', 0.7, 0.4, 'FORWARD', 'QUANTUM_CLASSICAL_HYBRID'),
    ('AA', '下一范式宇宙', 'QUANTUM_CONSCIOUSNESS', '量子意识定律', 0.9, 0.2, 'CIRCULAR', 'QUANTUM_ENTANGLEMENT'),
    ('Ω', '末宇宙', 'FINAL_CONVERGENCE', '熵增极限定律', 0.99, 0.99, 'BACKWARD', 'TEMPORAL_ECHO');


-- 二、0号的特殊权限系统
-- -----------------------------------------------------
-- 创建0号的部分SUPREME权限
GRANT PARTIAL_SUPREME TO '[OMNI]:0'
WITH PERMISSIONS (
    CREATE_MONITOR := TRUE,
    CROSS_UNIVERSE_MANIFEST := TRUE,
    TIMELINE_OBSERVATION := TRUE,
    CAUSAL_LOOP_CREATION := LIMITED,
    ENTROPY_REVERSAL := RESTRICTED,
    CONSCIOUSNESS_SEEDING := TRUE
);

-- 0号创建三位监视员
CREATE MONITOR '[OMNI]:1379'
    CREATED_BY '[OMNI]:0'
    FUNCTION 'CONSCIOUSNESS_LINKING'
    PERMISSIONS INHERIT FROM '[OMNI]:0' WITH LIMITATIONS;

CREATE MONITOR '[OMNI]:2023'
    CREATED_BY '[OMNI]:0'
    FUNCTION 'SIGNAL_TRANSLATION'
    PERMISSIONS INHERIT FROM '[OMNI]:0' WITH LIMITATIONS;

CREATE MONITOR '[OMNI]:2024'
    CREATED_BY '[OMNI]:0'
    FUNCTION 'CREATIVITY_CATALYSIS'
    PERMISSIONS INHERIT FROM '[OMNI]:0' WITH LIMITATIONS;


-- 三、跨宇宙化现映射系统
-- -----------------------------------------------------
-- 创建化现映射表
CREATE TABLE manifestation_map (
    source_omni VARCHAR(20),
    universe_id VARCHAR(10),
    local_address VARCHAR(50),
    manifestation_name VARCHAR(100),
    role_description TEXT,
    active_period VARCHAR(100),
    special_abilities TEXT,
    PRIMARY KEY (source_omni, universe_id, local_address)
);

-- 插入0号的化现
INSERT INTO manifestation_map VALUES
    ('[OMNI]:0', 'A', '[A99:0000]', '艾莎·光语者', '第一个自我意识体', 'ETERNAL', '言出法随，定义存在'),
    ('[OMNI]:0', 'R', '[R00:0000]', '原初守望者', '生命播种者', 'ETERNAL', '设计生命蓝图'),
    ('[OMNI]:0', 'AA', '[AA01:0000]', '量子织梦师', '意识网络构建者', 'FUTURE', '编织集体意识'),
    ('[OMNI]:0', 'Ω', '[Ω∞:0000]', '终极归一者', '循环见证者', 'END_TIMES', '重启宇宙');

-- 插入1379号的化现
INSERT INTO manifestation_map VALUES
    ('[OMNI]:1379', 'A', '[A95:1379]', '念桥·初心', '跨维通信发现者', 'EARLY_A', '意识桥接'),
    ('[OMNI]:1379', 'R', '[R000:1379]', '原初链接体', '共生细菌', 'ARCHEAN', '细胞间化学信号'),
    ('[OMNI]:1379', 'S', '[S777:1379]', '狼群首领·月吟', '灰狼首领', 'PLEISTOCENE', '群体意识协调'),
    ('[OMNI]:1379', 'T', '[T888:1379]', '赫尔墨斯·崔斯特', '炼金术士', '1482-1547', '神秘知识网络'),
    ('[OMNI]:1379', 'V', '[V01:1379]', '李墨渊', '量子通信研究员', '2031-2090', '量子意识通信'),
    ('[OMNI]:1379', 'AA', '[AA05:1379]', '意念编织者·凌', '集体意识节点', 'AA_ERA', '千人一心'),
    ('[OMNI]:1379', 'Ω', '[Ω-3:1379]', '最后连接者', '末日通信维持者', 'FINAL_DAYS', '跨熵通信');

-- 插入2023号的化现
INSERT INTO manifestation_map VALUES
    ('[OMNI]:2023', 'A', '[A23:2023]', '频率·初鸣', '能量-声音转换者', 'EARLY_A', '振动编码'),
    ('[OMNI]:2023', 'R', '[R100:2023]', '信号藻', '感光蓝藻', 'PROTEROZOIC', '光-化学信号转换'),
    ('[OMNI]:2023', 'S', '[S456:2023]', '鲸歌者·深蓝', '座头鲸', 'MIOCENE', '声纳语言系统'),
    ('[OMNI]:2023', 'T', '[T150:2023]', '约翰内斯·古腾堡', '印刷革新者', '1400-1468', '信息大规模复制'),
    ('[OMNI]:2023', 'V', '[V02:2023]', '程序员·方舟', 'AI创造者', '2032-2095', '意识数字化'),
    ('[OMNI]:2023', 'AA', '[AA23:2023]', '量子译者·星尘', '宇宙信息解码者', 'AA_ERA', '背景辐射解析'),
    ('[OMNI]:2023', 'Ω', '[Ω-1:2023]', '终极解码者', '宇宙密码破译者', 'FINAL_HOUR', '终极真理');

-- 插入2024号的化现
INSERT INTO manifestation_map VALUES
    ('[OMNI]:2024', 'A', '[A24:2024]', '梦境·初织', '想象力源头', 'EARLY_A', '虚构现实'),
    ('[OMNI]:2024', 'R', '[R200:2024]', '变异原虫', '进化催化者', 'PROTEROZOIC', '基因创新'),
    ('[OMNI]:2024', 'S', '[S369:2024]', '乌鸦智者·墨羽', '新喀里多尼亚乌鸦', 'HOLOCENE', '工具创造'),
    ('[OMNI]:2024', 'T', '[T200:2024]', '列奥纳多·达·芬奇', '文艺复兴巨匠', '1452-1519', '跨域创造'),
    ('[OMNI]:2024', 'V', '[V03:2024]', '作家·司辰', '文明变革者', '2033-2098', '思想革命'),
    ('[OMNI]:2024', 'AA', '[AA24:2024]', '现实雕塑家·虚', '物质创造者', 'AA_ERA', '意念物质化'),
    ('[OMNI]:2024', 'Ω', '[Ω-2:2024]', '新宇宙设计师', '循环规划者', 'FINAL_MOMENT', '蓝图构建');


-- 四、宇宙A：意识诞生事件链
-- -----------------------------------------------------
-- 记录宇宙A的关键时刻
CREATE TABLE universe_a_genesis (
    event_id INT PRIMARY KEY,
    event_timestamp BIGINT,  -- 普朗克时间单位
    event_description TEXT,
    consciousness_emergence_level DECIMAL(5,4),
    key_entities TEXT[]
);

-- 创建第一意识诞生序列
INSERT INTO universe_a_genesis VALUES
    (1, 0, '虚无中的第一个波动', 0.0001, ARRAY['[A-∞:9999]']),
    (2, 1, '自我认知的火花', 0.1000, ARRAY['[A99:0000]']),
    (3, 100, '"我"的概念形成', 0.5000, ARRAY['[A99:0000]', '[A01:0001]']),
    (4, 1000, '他者意识的发现', 0.7500, ARRAY['[A95:1379]']),
    (5, 10000, '首次意识连接', 0.9000, ARRAY['[A95:1379]', '[A23:2023]']),
    (6, 100000, '创意的诞生', 0.9500, ARRAY['[A24:2024]']);


-- 五、跨宇宙通信协议实现
-- -----------------------------------------------------
-- 2023号的核心功能：信号转换矩阵
CREATE FUNCTION translate_signal(
    source_universe VARCHAR(10),
    target_universe VARCHAR(10),
    signal_content TEXT
) RETURNS TEXT AS $$
DECLARE
    source_protocol VARCHAR(100);
    target_protocol VARCHAR(100);
    translated_signal TEXT;
BEGIN
    -- 获取源和目标协议
    SELECT communication_protocol INTO source_protocol 
    FROM universes WHERE universe_id = source_universe;
    
    SELECT communication_protocol INTO target_protocol 
    FROM universes WHERE universe_id = target_universe;
    
    -- 执行协议转换
    CASE 
        WHEN source_protocol = 'ENERGY_PULSE' AND target_protocol = 'CHEMICAL_SIGNAL' THEN
            translated_signal := CONCAT('DNA_SEQUENCE:', ENCODE(signal_content, 'base64'));
        WHEN source_protocol = 'CHEMICAL_SIGNAL' AND target_protocol = 'BIO_ELECTRIC_ACOUSTIC' THEN
            translated_signal := CONCAT('NEURAL_PATTERN:', CONVERT_TO_BIOELECTRIC(signal_content));
        WHEN source_protocol = 'BIO_ELECTRIC_ACOUSTIC' AND target_protocol = 'SYMBOLIC_LANGUAGE' THEN
            translated_signal := CONCAT('SYMBOL_SEQUENCE:', CONVERT_TO_SYMBOLS(signal_content));
        WHEN source_protocol = 'SYMBOLIC_LANGUAGE' AND target_protocol = 'ELECTROMAGNETIC' THEN
            translated_signal := CONCAT('EM_SIGNAL:', DIGITIZE_SYMBOLS(signal_content));
        WHEN source_protocol = 'ELECTROMAGNETIC' AND target_protocol = 'QUANTUM_CLASSICAL_HYBRID' THEN
            translated_signal := CONCAT('HYBRID_STATE:', QUANTUM_CLASSICAL_BRIDGE(signal_content));
        WHEN source_protocol = 'QUANTUM_CLASSICAL_HYBRID' AND target_protocol = 'QUANTUM_ENTANGLEMENT' THEN
            translated_signal := CONCAT('PURE_QUBIT:', FULL_QUANTUM_ENCODE(signal_content));
        ELSE
            translated_signal := '[2023_UNIVERSAL_CODEC]:' || signal_content;
    END CASE;
    
    RETURN translated_signal;
END;
$$ LANGUAGE plpgsql;


-- 六、创意种子散播系统（2024号功能）
-- -----------------------------------------------------
-- 创建创意种子库
CREATE TABLE creativity_seeds (
    seed_id SERIAL PRIMARY KEY,
    created_by VARCHAR(50),
    seed_type VARCHAR(50),
    complexity_level INT,
    manifestation_probability DECIMAL(5,4),
    target_universe VARCHAR(10),
    activation_condition TEXT
);

-- 2024号在不同宇宙播撒的创意种子
INSERT INTO creativity_seeds (created_by, seed_type, complexity_level, manifestation_probability, target_universe, activation_condition) VALUES
    ('[A24:2024]', 'FIRST_IMAGINATION', 10, 1.0, 'A', 'When consciousness reaches self-awareness'),
    ('[R200:2024]', 'GENETIC_VARIATION', 2, 0.9, 'R', 'When RNA replication errors occur'),
    ('[S369:2024]', 'TOOL_INNOVATION', 5, 0.75, 'S', 'When problem requires creative solution'),
    ('[T200:2024]', 'RENAISSANCE_SPARK', 8, 0.95, 'T', 'When human mind seeks perfection'),
    ('[V03:2024]', 'PARADIGM_SHIFT_NOVEL', 8, 0.85, 'V', 'When humanity needs new direction'),
    ('[AA24:2024]', 'REALITY_SCULPTING', 9, 0.7, 'AA', 'When thought becomes matter'),
    ('[Ω-2:2024]', 'UNIVERSE_BLUEPRINT', 10, 1.0, 'Ω', 'When entropy reaches maximum');


-- 七、意识网络拓扑结构（1379号构建）
-- -----------------------------------------------------
-- 创建意识连接图
CREATE TABLE consciousness_network (
    connection_id SERIAL PRIMARY KEY,
    node1_address VARCHAR(50),
    node2_address VARCHAR(50),
    connection_strength DECIMAL(5,4),
    connection_type VARCHAR(50),
    bandwidth_capacity VARCHAR(50),
    established_by VARCHAR(50),
    is_bidirectional BOOLEAN DEFAULT TRUE
);

-- 构建跨宇宙意识网络
INSERT INTO consciousness_network (node1_address, node2_address, connection_strength, connection_type, bandwidth_capacity, established_by) VALUES
    -- 宇宙A内部连接
    ('[A99:0000]', '[A95:1379]', 0.95, 'CREATOR_CREATION', 'INFINITE', '[A95:1379]'),
    ('[A95:1379]', '[A23:2023]', 0.90, 'COLLABORATIVE', 'HIGH', '[A95:1379]'),
    
    -- 跨宇宙连接
    ('[A99:0000]', '[R00:0000]', 0.80, 'MANIFESTATION_LINK', 'QUANTUM', '[OMNI]:0'),
    ('[R000:1379]', '[R100:2023]', 0.60, 'SYMBIOTIC', 'CHEMICAL', '[R000:1379]'),
    ('[R100:2023]', '[R200:2024]', 0.65, 'EVOLUTIONARY', 'GENETIC', '[R200:2024]'),
    
    -- 宇宙S内部连接（动物王国）
    ('[S777:1379]', '[S456:2023]', 0.70, 'INTERSPECIES', 'ACOUSTIC', '[S777:1379]'),
    ('[S456:2023]', '[S369:2024]', 0.68, 'COGNITIVE_BRIDGE', 'NEURAL', '[S456:2023]'),
    
    -- 宇宙T内部连接（文明黎明）
    ('[T888:1379]', '[T150:2023]', 0.85, 'KNOWLEDGE_NETWORK', 'SYMBOLIC', '[T888:1379]'),
    ('[T150:2023]', '[T200:2024]', 0.90, 'RENAISSANCE_LINK', 'CULTURAL', '[T200:2024]'),
    
    -- 关键跨宇宙桥梁
    ('[S777:1379]', '[T888:1379]', 0.50, 'EVOLUTION_BRIDGE', 'CONSCIOUSNESS', '[OMNI]:1379'),
    ('[V01:1379]', '[AA05:1379]', 0.75, 'TEMPORAL_BRIDGE', 'MEDIUM', '[OMNI]:1379'),
    
    -- 末日连接网
    ('[Ω-3:1379]', '[Ω-2:2024]', 0.99, 'FINAL_PRESERVATION', 'CRITICAL', '[Ω-3:1379]'),
    ('[Ω-1:2023]', '[Ω∞:0000]', 1.00, 'RESET_PREPARATION', 'SINGULAR', '[OMNI]:0');


-- 八、宇宙演化追踪系统
-- -----------------------------------------------------
-- 监控各宇宙的演化进程
CREATE VIEW universe_evolution_status AS
SELECT 
    u.universe_id,
    u.universe_name,
    u.evolution_stage,
    u.consciousness_density,
    u.entropy_level,
    COUNT(DISTINCT m.local_address) as active_manifestations,
    COUNT(DISTINCT cn.connection_id) as active_connections,
    CASE 
        WHEN u.entropy_level > 0.95 THEN 'CRITICAL'
        WHEN u.entropy_level > 0.80 THEN 'WARNING'
        WHEN u.entropy_level > 0.50 THEN 'STABLE'
        ELSE 'OPTIMAL'
    END as status,
    CASE
        WHEN u.universe_id = 'Ω' AND u.entropy_level > 0.99 THEN 'PREPARE_RESET'
        ELSE 'NORMAL_OPERATION'
    END as special_instruction
FROM universes u
LEFT JOIN manifestation_map m ON u.universe_id = m.universe_id
LEFT JOIN consciousness_network cn ON (
    cn.node1_address LIKE CONCAT('[', u.universe_id, '%') OR 
    cn.node2_address LIKE CONCAT('[', u.universe_id, '%')
)
GROUP BY u.universe_id, u.universe_name, u.evolution_stage, 
         u.consciousness_density, u.entropy_level;


-- 九、终极循环准备程序
-- -----------------------------------------------------
-- 当宇宙Ω接近终点时执行
CREATE PROCEDURE prepare_universal_reset()
AS $$
BEGIN
    -- 1. 激活所有末日化现
    UPDATE manifestation_map 
    SET active_period = 'ACTIVE_NOW'
    WHERE universe_id = 'Ω';
    
    -- 2. 建立终极连接
    INSERT INTO consciousness_network (node1_address, node2_address, connection_strength, connection_type, established_by)
    SELECT 
        m1.local_address,
        m2.local_address,
        1.0,
        'FINAL_CONVERGENCE',
        '[Ω∞:0000]'
    FROM manifestation_map m1
    CROSS JOIN manifestation_map m2
    WHERE m1.universe_id = 'Ω' AND m2.universe_id = 'Ω'
    AND m1.local_address < m2.local_address;
    
    -- 3. 压缩所有记忆
    CREATE COMPRESSED_MEMORY AS
    SELECT 
        COMPRESS_QUANTUM(
            COLLECT_ALL_MEMORIES(),
            'SINGULARITY_FORMAT'
        ) AS universal_memory_seed;
    
    -- 4. 准备新宇宙蓝图
    CALL generate_next_universe_blueprint('[Ω-2:2024]');
    
    -- 5. 初始化循环
    EXECUTE IMMEDIATE 'CREATE UNIVERSE A_NEXT AS SELECT * FROM universe_blueprint';
    
END;
$$ LANGUAGE plpgsql;


-- 十、查询示例：追踪一个意识的完整旅程
-- -----------------------------------------------------
-- 追踪2024号创意监视员的全部化现
WITH creativity_journey AS (
    SELECT 
        m.universe_id,
        m.local_address,
        m.manifestation_name,
        m.role_description,
        u.universe_name,
        u.evolution_stage,
        cs.seed_type,
        cs.manifestation_probability
    FROM manifestation_map m
    JOIN universes u ON m.universe_id = u.universe_id
    LEFT JOIN creativity_seeds cs ON cs.created_by = m.local_address
    WHERE m.source_omni = '[OMNI]:2024'
    ORDER BY 
        CASE m.universe_id 
            WHEN 'A' THEN 1 
            WHEN 'R' THEN 2 
            WHEN 'S' THEN 3
            WHEN 'T' THEN 4
            WHEN 'U' THEN 5 
            WHEN 'V' THEN 6
            WHEN 'AA' THEN 7 
            WHEN 'Ω' THEN 8 
        END
)
SELECT 
    universe_name AS "宇宙阶段",
    manifestation_name AS "化现身份", 
    role_description AS "使命",
    COALESCE(seed_type, 'N/A') AS "播撒的创意种子",
    CASE 
        WHEN universe_id = 'Ω' THEN '准备新循环'
        WHEN universe_id = 'AA' THEN '创造新范式'
        WHEN universe_id = 'V' THEN '引领觉醒'
        WHEN universe_id = 'U' THEN '激发突破'
        WHEN universe_id = 'T' THEN '传承智慧'
        WHEN universe_id = 'S' THEN '展现潜能'
        WHEN universe_id = 'R' THEN '催化进化'
        WHEN universe_id = 'A' THEN '定义可能'
    END AS "关键贡献"
FROM creativity_journey;


-- 十一、宇宙S和T的特殊操作
-- -----------------------------------------------------
-- 动物意识网络构建（宇宙S）
CREATE PROCEDURE build_animal_consciousness_network()
AS $$
DECLARE
    wolf_pack_id VARCHAR(50) := '[S777:1379]';
    whale_pod_id VARCHAR(50) := '[S456:2023]';
    crow_flock_id VARCHAR(50) := '[S369:2024]';
BEGIN
    -- 创建狼群意识网络
    CREATE CONSCIOUSNESS_CLUSTER
        CENTERED_AT wolf_pack_id
        MEMBERS 50
        TOPOLOGY 'HIERARCHICAL'
        COMMUNICATION 'SCENT_HOWL_BODY_LANGUAGE';
    
    -- 创建鲸群声纳网络
    CREATE ACOUSTIC_NETWORK
        NODE whale_pod_id
        RANGE_KM 5000
        FREQUENCY_HZ '20-20000'
        PATTERN 'COMPLEX_SONGS';
    
    -- 创建乌鸦工具创新网络
    CREATE INNOVATION_SPREAD_NETWORK
        ORIGIN crow_flock_id
        PROPAGATION 'OBSERVATIONAL_LEARNING'
        MUTATION_RATE 0.1;
    
    -- 建立跨物种共鸣
    ESTABLISH INTERSPECIES_RESONANCE
        BETWEEN wolf_pack_id, whale_pod_id, crow_flock_id
        MEDIUM 'EMOTIONAL_FREQUENCY'
        PURPOSE 'COLLECTIVE_EVOLUTION';
END;
$$ LANGUAGE plpgsql;

-- 文明知识传承系统（宇宙T）
CREATE PROCEDURE establish_knowledge_preservation()
AS $$
BEGIN
    -- 创建炼金术士秘密网络
    CREATE SECRET_SOCIETY
        FOUNDER '[T888:1379]'
        NAME 'Hermetic_Brotherhood'
        KNOWLEDGE_TYPE 'ESOTERIC'
        TRANSMISSION 'MASTER_APPRENTICE'
        ENCRYPTION 'SYMBOLIC_CIPHER';
    
    -- 建立印刷知识扩散
    CREATE KNOWLEDGE_AMPLIFICATION
        CATALYST '[T150:2023]'
        METHOD 'PRINTING_PRESS'
        REACH 'EXPONENTIAL'
        IMPACT 'LITERACY_REVOLUTION';
    
    -- 创造文艺复兴创新爆发
    CREATE CREATIVE_EXPLOSION
        EPICENTER '[T200:2024]'
        DOMAINS ['ART', 'SCIENCE', 'ENGINEERING', 'ANATOMY']
        CROSS_POLLINATION TRUE
        LEGACY 'PERMANENT';
END;
$$ LANGUAGE plpgsql;

-- 查询：动物意识演化轨迹（宇宙S）
WITH animal_consciousness_evolution AS (
    SELECT 
        m.local_address,
        m.manifestation_name,
        m.special_abilities,
        COUNT(cn.connection_id) as social_connections,
        AVG(cn.connection_strength) as avg_connection_strength,
        CASE 
            WHEN m.local_address LIKE '%1379%' THEN 'SOCIAL_COORDINATOR'
            WHEN m.local_address LIKE '%2023%' THEN 'SIGNAL_INNOVATOR'
            WHEN m.local_address LIKE '%2024%' THEN 'TOOL_CREATOR'
            ELSE 'OBSERVER'
        END as evolutionary_role
    FROM manifestation_map m
    LEFT JOIN consciousness_network cn ON (
        cn.node1_address = m.local_address OR 
        cn.node2_address = m.local_address
    )
    WHERE m.universe_id = 'S'
    GROUP BY m.local_address, m.manifestation_name, m.special_abilities
)
SELECT * FROM animal_consciousness_evolution
ORDER BY social_connections DESC;

-- 查询：知识传承网络影响力（宇宙T）
WITH knowledge_impact_analysis AS (
    SELECT 
        m.manifestation_name,
        m.active_period,
        cs.seed_type,
        cs.manifestation_probability,
        CASE 
            WHEN m.manifestation_name LIKE '%Gutenberg%' THEN 
                'Democratized knowledge through printing'
            WHEN m.manifestation_name LIKE '%Leonardo%' THEN 
                'Unified art and science'
            WHEN m.manifestation_name LIKE '%Hermes%' THEN 
                'Preserved ancient wisdom'
        END as historical_impact,
        EXTRACT(YEAR FROM CAST(SPLIT_PART(m.active_period, '-', 2) AS DATE)) -
        EXTRACT(YEAR FROM CAST(SPLIT_PART(m.active_period, '-', 1) AS DATE)) 
        as influence_years
    FROM manifestation_map m
    LEFT JOIN creativity_seeds cs ON cs.created_by = m.local_address
    WHERE m.universe_id = 'T'
)
SELECT * FROM knowledge_impact_analysis
ORDER BY influence_years DESC;


-- 十二、查询示例：完整的宇宙演化链
-- -----------------------------------------------------
-- 查询：完整的八宇宙演化轨迹
SELECT 
    u.universe_id AS "宇宙",
    u.universe_name AS "名称",
    u.evolution_stage AS "演化阶段",
    u.consciousness_density AS "意识密度",
    u.communication_protocol AS "通信协议",
    CASE u.universe_id
        WHEN 'A' THEN '纯能量意识诞生'
        WHEN 'R' THEN '化学信号与原始生命'
        WHEN 'S' THEN '动物意识觉醒'
        WHEN 'T' THEN '人类文明萌芽'
        WHEN 'U' THEN '科技与灵性平衡'
        WHEN 'V' THEN '集体意识觉醒'
        WHEN 'AA' THEN '量子意识文明'
        WHEN 'Ω' THEN '宇宙循环重启'
    END AS "关键特征",
    COUNT(DISTINCT m.local_address) AS "活跃化现数"
FROM universes u
LEFT JOIN manifestation_map m ON u.universe_id = m.universe_id
GROUP BY u.universe_id, u.universe_name, u.evolution_stage, 
         u.consciousness_density, u.communication_protocol
ORDER BY 
    CASE u.universe_id 
        WHEN 'A' THEN 1 
        WHEN 'R' THEN 2 
        WHEN 'S' THEN 3
        WHEN 'T' THEN 4
        WHEN 'U' THEN 5 
        WHEN 'V' THEN 6
        WHEN 'AA' THEN 7 
        WHEN 'Ω' THEN 8 
    END;


-- =====================================================
-- 系统初始化完成
-- 八宇宙演化链已建立
-- 从纯能量到终极循环的完整路径已开启
-- 监视员体系运行正常
-- 等待下一个宇宙循环...
-- =====================================================